[
  {"name": "Afghanistan", "iso_code": "AFG"},
  {"name": "Albania", "iso_code": "ALB"},
  {"name": "Algeria", "iso_code": "DZA"},
  {"name": "Andorra", "iso_code": "AND"},
  {"name": "Angola", "iso_code": "AGO"},
  {"name": "Antigua and Barbuda", "iso_code": "ATG"},
  {"name": "Argentina", "iso_code": "ARG"},
  {"name": "Armenia", "iso_code": "ARM"},
  {"name": "Australia", "iso_code": "AUS"},
  {"name": "Austria", "iso_code": "AUT"},
  {"name": "Azerbaijan", "iso_code": "AZE"},
  {"name": "Bahamas", "iso_code": "BHS"},
  {"name": "Bahrain", "iso_code": "BHR"},
  {"name": "Bangladesh", "iso_code": "BGD"},
  {"name": "Barbados", "iso_code": "BRB"},
  {"name": "Belarus", "iso_code": "BLR"},
  {"name": "Belgium", "iso_code": "BEL"},
  {"name": "Belize", "iso_code": "BLZ"},
  {"name": "Benin", "iso_code": "BEN"},
  {"name": "Bhutan", "iso_code": "BTN"},
  {"name": "Bolivia", "iso_code": "BOL"},
  {"name": "Bosnia and Herzegovina", "iso_code": "BIH"},
  {"name": "Botswana", "iso_code": "BWA"},
  {"name": "Brazil", "iso_code": "BRA"},
  {"name": "Brunei", "iso_code": "BRN"},
  {"name": "Bulgaria", "iso_code": "BGR"},
  {"name": "Burkina Faso", "iso_code": "BFA"},
  {"name": "Burundi", "iso_code": "BDI"},
  {"name": "Cabo Verde", "iso_code": "CPV"},
  {"name": "Cambodia", "iso_code": "KHM"},
  {"name": "Cameroon", "iso_code": "CMR"},
  {"name": "Canada", "iso_code": "CAN"},
  {"name": "Central African Republic", "iso_code": "CAF"},
  {"name": "Chad", "iso_code": "TCD"},
  {"name": "Chile", "iso_code": "CHL"},
  {"name": "China", "iso_code": "CHN"},
  {"name": "Colombia", "iso_code": "COL"},
  {"name": "Comoros", "iso_code": "COM"},
  {"name": "Congo", "iso_code": "COG"},
  {"name": "Congo, Democratic Republic of the", "iso_code": "COD"},
  {"name": "Costa Rica", "iso_code": "CRI"},
  {"name": "Croatia", "iso_code": "HRV"},
  {"name": "Cuba", "iso_code": "CUB"},
  {"name": "Cyprus", "iso_code": "CYP"},
  {"name": "Czech Republic", "iso_code": "CZE"},
  {"name": "Côte d'Ivoire", "iso_code": "CIV"},
  {"name": "Denmark", "iso_code": "DNK"},
  {"name": "Djibouti", "iso_code": "DJI"},
  {"name": "Dominica", "iso_code": "DMA"},
  {"name": "Dominican Republic", "iso_code": "DOM"},
  {"name": "Ecuador", "iso_code": "ECU"},
  {"name": "Egypt", "iso_code": "EGY"},
  {"name": "El Salvador", "iso_code": "SLV"},
  {"name": "Equatorial Guinea", "iso_code": "GNQ"},
  {"name": "Eritrea", "iso_code": "ERI"},
  {"name": "Estonia", "iso_code": "EST"},
  {"name": "Eswatini", "iso_code": "SWZ"},
  {"name": "Ethiopia", "iso_code": "ETH"},
  {"name": "Fiji", "iso_code": "FJI"},
  {"name": "Finland", "iso_code": "FIN"},
  {"name": "France", "iso_code": "FRA"},
  {"name": "Gabon", "iso_code": "GAB"},
  {"name": "Gambia", "iso_code": "GMB"},
  {"name": "Georgia", "iso_code": "GEO"},
  {"name": "Germany", "iso_code": "DEU"},
  {"name": "Ghana", "iso_code": "GHA"},
  {"name": "Greece", "iso_code": "GRC"},
  {"name": "Grenada", "iso_code": "GRD"},
  {"name": "Guatemala", "iso_code": "GTM"},
  {"name": "Guinea", "iso_code": "GIN"},
  {"name": "Guinea-Bissau", "iso_code": "GNB"},
  {"name": "Guyana", "iso_code": "GUY"},
  {"name": "Haiti", "iso_code": "HTI"},
  {"name": "Honduras", "iso_code": "HND"},
  {"name": "Hungary", "iso_code": "HUN"},
  {"name": "Iceland", "iso_code": "ISL"},
  {"name": "India", "iso_code": "IND"},
  {"name": "Indonesia", "iso_code": "IDN"},
  {"name": "Iran", "iso_code": "IRN"},
  {"name": "Iraq", "iso_code": "IRQ"},
  {"name": "Ireland", "iso_code": "IRL"},
  {"name": "Israel", "iso_code": "ISR"},
  {"name": "Italy", "iso_code": "ITA"},
  {"name": "Jamaica", "iso_code": "JAM"},
  {"name": "Japan", "iso_code": "JPN"},
  {"name": "Jordan", "iso_code": "JOR"},
  {"name": "Kazakhstan", "iso_code": "KAZ"},
  {"name": "Kenya", "iso_code": "KEN"},
  {"name": "Kiribati", "iso_code": "KIR"},
  {"name": "Korea, North", "iso_code": "PRK"},
  {"name": "Korea, South", "iso_code": "KOR"},
  {"name": "Kosovo", "iso_code": "XKX"},
  {"name": "Kuwait", "iso_code": "KWT"},
  {"name": "Kyrgyzstan", "iso_code": "KGZ"},
  {"name": "Laos", "iso_code": "LAO"},
  {"name": "Latvia", "iso_code": "LVA"},
  {"name": "Lebanon", "iso_code": "LBN"},
  {"name": "Lesotho", "iso_code": "LSO"},
  {"name": "Liberia", "iso_code": "LBR"},
  {"name": "Libya", "iso_code": "LBY"},
  {"name": "Liechtenstein", "iso_code": "LIE"},
  {"name": "Lithuania", "iso_code": "LTU"},
  {"name": "Luxembourg", "iso_code": "LUX"},
  {"name": "Madagascar", "iso_code": "MDG"},
  {"name": "Malawi", "iso_code": "MWI"},
  {"name": "Malaysia", "iso_code": "MYS"},
  {"name": "Maldives", "iso_code": "MDV"},
  {"name": "Mali", "iso_code": "MLI"},
  {"name": "Malta", "iso_code": "MLT"},
  {"name": "Marshall Islands", "iso_code": "MHL"},
  {"name": "Mauritania", "iso_code": "MRT"},
  {"name": "Mauritius", "iso_code": "MUS"},
  {"name": "Mexico", "iso_code": "MEX"},
  {"name": "Micronesia", "iso_code": "FSM"},
  {"name": "Moldova", "iso_code": "MDA"},
  {"name": "Monaco", "iso_code": "MCO"},
  {"name": "Mongolia", "iso_code": "MNG"},
  {"name": "Montenegro", "iso_code": "MNE"},
  {"name": "Morocco", "iso_code": "MAR"},
  {"name": "Mozambique", "iso_code": "MOZ"},
  {"name": "Myanmar", "iso_code": "MMR"},
  {"name": "Namibia", "iso_code": "NAM"},
  {"name": "Nauru", "iso_code": "NRU"},
  {"name": "Nepal", "iso_code": "NPL"},
  {"name": "Netherlands", "iso_code": "NLD"},
  {"name": "New Zealand", "iso_code": "NZL"},
  {"name": "Nicaragua", "iso_code": "NIC"},
  {"name": "Niger", "iso_code": "NER"},
  {"name": "Nigeria", "iso_code": "NGA"},
  {"name": "North Macedonia", "iso_code": "MKD"},
  {"name": "Norway", "iso_code": "NOR"},
  {"name": "Oman", "iso_code": "OMN"},
  {"name": "Pakistan", "iso_code": "PAK"},
  {"name": "Palau", "iso_code": "PLW"},
  {"name": "Palestine", "iso_code": "PSE"},
  {"name": "Panama", "iso_code": "PAN"},
  {"name": "Papua New Guinea", "iso_code": "PNG"},
  {"name": "Paraguay", "iso_code": "PRY"},
  {"name": "Peru", "iso_code": "PER"},
  {"name": "Philippines", "iso_code": "PHL"},
  {"name": "Poland", "iso_code": "POL"},
  {"name": "Portugal", "iso_code": "PRT"},
  {"name": "Qatar", "iso_code": "QAT"},
  {"name": "Romania", "iso_code": "ROU"},
  {"name": "Russia", "iso_code": "RUS"},
  {"name": "Rwanda", "iso_code": "RWA"},
  {"name": "Saint Kitts and Nevis", "iso_code": "KNA"},
  {"name": "Saint Lucia", "iso_code": "LCA"},
  {"name": "Saint Vincent and the Grenadines", "iso_code": "VCT"},
  {"name": "Samoa", "iso_code": "WSM"},
  {"name": "San Marino", "iso_code": "SMR"},
  {"name": "Sao Tome and Principe", "iso_code": "STP"},
  {"name": "Saudi Arabia", "iso_code": "SAU"},
  {"name": "Senegal", "iso_code": "SEN"},
  {"name": "Serbia", "iso_code": "SRB"},
  {"name": "Seychelles", "iso_code": "SYC"},
  {"name": "Sierra Leone", "iso_code": "SLE"},
  {"name": "Singapore", "iso_code": "SGP"},
  {"name": "Slovakia", "iso_code": "SVK"},
  {"name": "Slovenia", "iso_code": "SVN"},
  {"name": "Solomon Islands", "iso_code": "SLB"},
  {"name": "Somalia", "iso_code": "SOM"},
  {"name": "South Africa", "iso_code": "ZAF"},
  {"name": "South Sudan", "iso_code": "SSD"},
  {"name": "Spain", "iso_code": "ESP"},
  {"name": "Sri Lanka", "iso_code": "LKA"},
  {"name": "Sudan", "iso_code": "SDN"},
  {"name": "Suriname", "iso_code": "SUR"},
  {"name": "Sweden", "iso_code": "SWE"},
  {"name": "Switzerland", "iso_code": "CHE"},
  {"name": "Syria", "iso_code": "SYR"},
  {"name": "Taiwan", "iso_code": "TWN"},
  {"name": "Tajikistan", "iso_code": "TJK"},
  {"name": "Tanzania", "iso_code": "TZA"},
  {"name": "Thailand", "iso_code": "THA"},
  {"name": "Timor-Leste", "iso_code": "TLS"},
  {"name": "Togo", "iso_code": "TGO"},
  {"name": "Tonga", "iso_code": "TON"},
  {"name": "Trinidad and Tobago", "iso_code": "TTO"},
  {"name": "Tunisia", "iso_code": "TUN"},
  {"name": "Turkey", "iso_code": "TUR"},
  {"name": "Turkmenistan", "iso_code": "TKM"},
  {"name": "Tuvalu", "iso_code": "TUV"},
  {"name": "Uganda", "iso_code": "UGA"},
  {"name": "Ukraine", "iso_code": "UKR"},
  {"name": "United Arab Emirates", "iso_code": "ARE"},
  {"name": "United Kingdom", "iso_code": "GBR"},
  {"name": "United States", "iso_code": "USA"},
  {"name": "Uruguay", "iso_code": "URY"},
  {"name": "Uzbekistan", "iso_code": "UZB"},
  {"name": "Vanuatu", "iso_code": "VUT"},
  {"name": "Vatican City", "iso_code": "VAT"},
  {"name": "Venezuela", "iso_code": "VEN"},
  {"name": "Vietnam", "iso_code": "VNM"},
  {"name": "Yemen", "iso_code": "YEM"},
  {"name": "Zambia", "iso_code": "ZMB"},
  {"name": "Zimbabwe", "iso_code": "ZWE"}
]
